ID,Address,Amount
0,0x497c773A992f02aD378BbD5742d4fa184E89206f,10000
1,0x4c8B1Ce31003e55D5ef78AAcF9569bfA45ECD48c,10000
2,0x6893344CC494cDb2731f4554C8e538BBDC1Ae980,10000
3,0x3fC042aC88E915330e9Ef6D63fabA57665A2FB8E,10000
4,0x2b37E64a8E38357a278c9274775dDAd7488086f7,10000
5,0x2B5A52523E088F4aAC4b3c698E6BAd9396867a82,10000
6,0x3960FdADF1219F0a387C730400587C065a2444eB,10000
7,0x171d473110Aebb5F5Baa5a6B4241D2B1958459ab,10000
8,0x4c2166bFa56dF327bFfF082C4d8fC095Eff08AC3,10000
9,0x6b31f3Af14e6042C0bB67B0F460c2fBAEE5022AD,10000
10,0x2406C214DBB6DFF07F60d9784846623e9e2c1F1f,10000
11,0x4b8284E945BC05f727B2580E547b22923D903a92,10000
12,0xeb0885D12fDBd83157DF131c1B7FeE0BE6F1D029,10000
13,0x0a1DaC16B89f399c95A6ED58Ce00ACcD3e156962,10000
14,0xe347f4421f7798B43E7ccfc4eE84C6Fea67B7990,10000
15,0x246436Ba9882981E78dc552A48665Aa8872FdD16,10000
16,0x19c4150E82031797D7B7EcAb3A87966F6bB0716B,10000
17,0xE0EE5Ecf4C50CF42645810245F35375b742c44Be,10000
18,0x13fF37E33dD794cCB0b3b3f4136c28E0D0bF150E,10000
19,0x8C2D0228587Dc33a9e38Cf39832C9145f26Ded3E,10000
20,0x968f65A3001264b4c4C3e371552e49CDA298f014,10000
21,0x18022BF625f2f1B8a1A909840aBCab8463ad327C,10000
22,0xF442f30fD72fcaDe4909C55e1ded7970A1C815e2,10000
23,0x6a650d1A8E76B1a3Ad713a7397be93dE77149630,10000
24,0xe8D5e56894678bc61A9eA62AA9c3B37E1e2072dd,10000
25,0x2cbebD7B5094b4633eCc2715f16C9e5Fe3928b18,10000
26,0x3EEbc9fEE422c10Be4537849C9cebf0292613707,10000
27,0x86E0BABcc9755d7CDC83c2557775F5028CEEA3ea,10000
28,0xAa98d7C6B37a35cd73F8412193779a5B20Bba77D,10000
29,0x164A5C0BEE74488b2dA200a49587533Fd9d0E4F3,10000
30,0x955d9f87a683B04831800E2EA110Da462020fEd7,10000
31,0xb5f94F2935169CF6c87830B58c0CB24B795b26De,10000
32,0xCA2846a6B588429c666ADa24514d5895b6F0C86b,10000
33,0x0B0171fC1c84b9519Ce97C8dD4d03779ddc4642b,10000
34,0xA648E6bDd4322419B1FB86ca512A3C231933c5E1,10000
35,0xc60D273679e2D39e4533cdda73AC00f99Bd50e19,10000
36,0xD5DA0Db6c8B981A7587Ef044658c90a2c5a918bF,10000
37,0x1aAdF52a1668F3996dF93b2e6B94Ccf278f135F2,10000
38,0x2E4294be14473033b0833468cbDa2b0C975e6d15,10000
39,0x0348dD2F5FaF663503DD11DBcC1CeEEa53cfc8C8,10000
40,0x41515A9D54BDE328cFfc602Cae8B59ED04690463,10000
41,0x437257C9ea807EC1858f2522F0b5f188511923Ba,10000
42,0x546c1db5b8Fc4Bf2b66FA01eE8acE320127EC5Ff,10000
43,0x51B1DA935B0DC3Dc83e71aeD0a9fED710b2077ca,10000
44,0x4A97D8106176213E954C012d344a24A5863A9112,10000
45,0xc60D0A2Dcc904d1B8A12670F834654aFe34F3056,10000
46,0x2ceD5D41609a3F55f90F664669bC06D8dAFc1099,10000
47,0x4bc61EcBd4Ad848C7719555e2885cef1536fa51e,10000
48,0x0BB7Cce6c78B4Bfb1Ee4F6e628ca19a5005A23b1,10000
49,0xBb27072232c4D5426B63ee8E7165803883877feb,10000
50,0x9D7a884eF7d16E08F7b194e374cdd42E4f42013D,10000
51,0xa7cD28FD4C24e8922BA98ea9346315170817419A,10000
52,0xa15544209e53bAB8708bfc233b40112Dbf52BD51,10000
53,0x98Af59651896dfF5677Ac3e5515664D0Bd083825,10000
54,0x34622B5209FBC702dFD0D6Dd10866B268B8fb1c5,10000
55,0x37761BADA6d10d7989393eAe429A12cd8A39A51F,10000
56,0xDc2EC1500B6888041DE381793AF359e86CcCF792,10000
57,0x1B3cAbE08c8073D188df69AF0B66498ec7324e92,10000
58,0x4B05bd5Cf606D8515c699A06F4fd9BcF9CA40E6a,10000
59,0xA02c64A8d6Bcf47223Ea9462539fDFcC2698a2b5,10000
60,0x52D9f15637DCEA33D54E6458B3497BC95e0D0753,10000
61,0x5C7E75c670487816E6254dc05f8D6CEC60b2329c,10000
62,0x4D48E384DE2512EFf2fABF5a25Ee3c1C3B93751b,10000
63,0x87c7B89cbE72098fa5111cD991E4f10d425b2C79,10000
64,0x4bFC972A6122D9566a5Cd90B45d3EA93a1618CD8,10000
65,0xD2D13e7A25db6fa27e685B471F2c2318AAb28049,10000
66,0x712a824B863aFCB90B5f4840F4277DA778B5f03e,10000
67,0xf3c016Ce824b884A61b4A3C15B535d2034d2d509,10000
68,0x6Ab9F10890EEABf95D0A7126A00deDAF8Ba73Ef1,10000
69,0x0486d20F32F2707071f98ad78AF4728c9B09b777,10000
70,0x349f283367D78138174c1Ac53F683f1017a6Ef72,10000
71,0x78062Cb54F717Be45f0582C6A8d919865c5dd2dD,10000
72,0x563Ec8a50462Aa7BB714aF82E586638E89273Aae,10000
73,0x44CCF6acf1eFf86f8Fb250a7800CDF74b8b95825,10000
74,0xaE48De58D11daB0C7C38DbCA2645ad8C0b25A82F,10000
75,0xA9dfF664ee43d659a63EA8350249Bc7b984AAB6C,10000
76,0x5BbE0388d6416789fDE21EbDa2305a115CA8cb1F,10000
77,0xF8B056A161A49c17476171feBe82E39a39A1864d,10000
78,0xB1454661282304cb6Ff4730085Fb78C9764bC9c2,10000
79,0xbA4e028960464fe6c44D789f15c06eDA7426C171,10000
80,0x65955E18757A7798930ffD0bA6B51266b08658e9,10000
81,0xe97c1CE7A5A19b1C59BDC948aF319bb8DB9801d7,10000
82,0xb79cEDEfA8c128d4db25B3d8A02733D4f1091E6a,10000
83,0xbB08CcD83716F87946d4E5859632ee92FE57EE4F,10000
84,0xDcA4BaFE1250487cAb78fA6e37AF2c03911137af,10000
85,0x5dCf60bf06aaE845BFae6316787084f432CB6aab,10000
86,0x32FEf457f8591c68Da5bF0C1d425b9602093A304,10000
87,0x2BB54599e572BE1d68FF1e0B4923077DF645d797,10000
88,0x46079F6f7518a21054BAbffCC04F24fF2EFDd8C0,10000
89,0xDE58F152Ee253c83FEb529a24745401171847155,10000
90,0x740905C8CD620f451A541E76289B7f96052eCC73,10000
91,0xaE2f7574CC2a182952f4A96a6Fa84d62104Fd67A,10000
92,0x0ED39E0d1cA593A6332390373987D1eF0BB80553,10000
93,0x63C86bCc138B3c144C1504BB171c8619E79ca738,10000
94,0xAD4F58633eaE8098584c3D361F12B7B8Ce919414,10000
95,0x5261d027CB46C429B88D2fF610db1e868c6d2BD8,10000
96,0xfE39497565Db6dad5E8F912B584D23AD1cBA9A59,10000
97,0x97f99C31F9Fa9258F7EEb31B1650639740C3f21D,10000
98,0x79C75638aeD2312552fcbCd62d2870C00edcA717,10000
99,0x56EA4699Cde09c895a9CEa2D2f4ae5697b620775,10000
100,0xeFC23FA348508067F31A93c17A43b926607b6dEa,10000
101,0xe96627C937bBec3AeBdb9aa5C48685476d70dbC3,10000
102,0x1d18c9960ADDF2C642c78f216D35852a915E3Ba7,10000
103,0xaC65Eebe946327CC5d203496dFF5256ff406C9F5,10000
104,0x5bafAA160C2CfD20e5a3D62946995A59D863cEEc,10000
105,0xDfFF5Ca48B3E509a8C92bf9347acE5d404ABB9bA,10000
106,0xCe78796e0a7215a14a01D4Dc26e16Fa4dF840Df6,10000
107,0x2e57170e5Db03590De314c7b111B393967d53515,10000
108,0x4e59D2e869bbdD39C498ADb1D0a16f00Bdb0A319,10000
109,0x53e8F1a597cbd77f1f9c035129649A5f81eF135b,10000
110,0x4160733316af039c913d4C89a6aD527b6CA0b164,10000
111,0xe3E35014F60D91beF9b0706b8f8F31B7AfC6dAAe,10000
112,0x97c6824362106C54d6A67d6B53FAE021E01533BC,10000
113,0x6e0bFA785e5407E6804b8f6480e2368C46a099F9,10000
114,0xD09b1Db4BA6AD719b3A38ac3736C12dc590775D9,10000
115,0x53ec89e04d5C01500406E946a43a68CF42655471,10000
116,0xDf63846E1a16624F8C52A5f243484B0d6394d7F1,10000
117,0xAd43FDa7b17Bcc545f8867976CB6F37Dac5C9744,10000
118,0x9c8e3269bbcCc01E9173047E360FAaab7d5e3AE7,10000
119,0x616DC26B6acACD913C92dD0B5Fcb8620aaaDA399,10000
120,0x6A094f7860940B2F7E7E89009addA919f920ad44,10000
121,0xA50A542873f400E6A7763842f37F1efcDa98535e,10000
122,0x7c1420B23416084535B7fA8115E005dA71606E42,10000
123,0x30B963b56cF24DE9afe9460f2D37B555F06c5380,10000
124,0x8a1Bb5037cFB51EE9F38fb344b3bC966545413b0,10000
125,0x6106A3C5B1DA4CC5a4f839F4cffb1b8dc5b4Ee2A,10000
126,0x98a9b0715c22f0DdDB9d9728619eC409a5a7ca2e,10000
127,0x1b39fD6862526BCd6B2fa77782A1E6ce9A368502,10000
128,0x078d86ABDe4A145106DEDD4346dDeD045c990E8C,10000
129,0x38a956224Ef3aD6C85C3edC55e9391694C007dc0,10000
130,0x42020b3AFD0694593ac7716d8C7464717243C7aF,10000
131,0x003E90B37ed1b40F33d4EB79D67a73699Cf06301,10000
132,0x3d31Ec22BcF8A3708EddF49f1eDE4434AEcd6b75,10000
133,0x6D511a2D60b5A55b2B7Ed4361d614d368C8d5506,10000
134,0xe7C52f05D6377FF791353b8C006a4c1D3dF3C1FF,10000
135,0x75A643Baf36c6F587E3D07D252D7dbb9CF9d2118,10000
136,0xD95cb88e451d1c4a29c238e8A3764E465AbD8b15,10000
137,0x36db22C13f5B58dA381d2E9D4E894e8cF7f3F0dE,10000
138,0x76Da3c71e3E5Aa40879f3264D382936FbE442aC2,10000
139,0x44AB5f5e9559df113F8b54f808a803249cdC6c49,10000
140,0xa2Ce03c5D776e607fB6fdF1C2cD76707dC976550,10000
141,0x35A03AC1659Ce360a4e634b95A5aeda556D450ee,10000
142,0xD52C58Ecb53987103CA6Ac80Cb06Dac6389760D2,10000
143,0x6247EFbEd5514c1442ac7624e763bd96bDb96e77,10000
144,0x8b15B822F772d68A06e9ddF23249601672E9550a,10000
145,0x53951A117F83D92e3e85A8578A6BEaCb2932c0B8,10000
146,0xD7fC6DeaC795f89E42588E681D5b838AbbfBda40,10000
147,0x7131B15e73dAfF460d73aA882375FD2dbBb8805A,10000
148,0xf8EC1f6bF90f01a3A342bA11d2A60D8cad7d4EC4,10000
149,0x48ECdF2ea92356d6f90D4c48cd34e0aBe53C5FDa,10000
150,0x669C060D30013435cc053e1db7D3Ea3E2e3c56b4,10000
151,0x6672b1820Ba24124e492F34a071663894Ea137e2,10000
152,0x190B8BA387BbF2E9807294cD84C776Af4D259Ed9,10000
153,0x4BaF16ECe14EBf034f8ABD504Ce8e781ea854f6a,10000
154,0xA3a5C70042c511f8FDC2097dC2Dd0F5A5A2b4A68,10000
155,0xc6a482A7684a396A0aF7C72EbC41F9652f1686A4,10000
156,0x481B79b98f74363c852E2947d3D837c0AdDcFbcb,10000
157,0xaf99a0668eB1b1F1A97dDdA9e95323F5793385f1,10000
158,0x8633e8d94cC518315d544DbE63BfD1AF6470272F,10000
159,0x3Eb582865CF66d6955DdAaa5060Ff3F186ab013D,10000
160,0xbE9049607aA10757e983470F0aD196EA3f76Ef0d,10000
161,0x60b9f7a198E15D8dd44C3516ddFC85AB38B25aB6,10000
162,0x90Ef427Cd4599625fBBd8C08516A13B7888D736D,10000
163,0x7F6AA07580301682E9764A67f63e84f9792a51cE,10000
164,0xed632E41c8EAeC5867a9d512cDdA3e6042796855,10000
165,0x473a8bFDE0D7AeE8De72dFd57B7d4891Cbc9f7b2,10000
166,0x92F1d931A587B09Bc7949bC97B974369ba662c85,10000
167,0x57199831C045BF627808dC3801e6C5B1ca25c94B,10000
168,0xA50f55Aea9de1EC3b72c53E687F459DD89E37871,10000
169,0xE038Fa8A6b7F684AD4AEd30B6FA7759F683b3C5b,10000
170,0x19aDf325E19f866B6f0d462Cb6B7738935fd0D0F,10000
171,0x6de4b366f3eb90F930EC15C23B9b28e49A7e36fD,10000
172,0x52af18a719DB07D76f4c10Bf1D0D5B6cD584D777,10000
173,0x677dAb66D716223108070C9B14a4D57faa261AFF,10000
174,0xbDc56CBE72D511401542B06247c04577ec1bdf01,10000
175,0xC8d080947Ba9aa7276E276147fE473fAc3d2eEa1,10000
176,0x6d7d94979B2e7ed0E2dA7f95aeC3941447053939,10000
177,0xfCa441a47F179529b2dEc9888166a4D89026E5c3,10000
178,0x97bD3C9F7f00551Ebb236Fb2f4f8728805D7B3A7,10000
179,0x868e1b6857B597736a176483bb9A48BfCe30d2BA,10000
180,0x62Fb6C89bA7dF0Dc72777E45cc64c11013560C13,10000
181,0xb6438AD9a4D346453b6d69a2365480119BCEB198,10000
182,0x7546A6D42e45130F4ee4553f61EC0C79Ec302942,10000
183,0xC2F03964c1c59B76e808502844d349c04a295cD2,10000
184,0xdD09fBfe3b6427895007e9052AD2B5d72c28C4f9,10000
185,0x5CB6ae7F3804ae7c826ea7269Ec9a5eF9bCaf51C,10000
186,0xcc7C6683dDE5E2a9800754c4a0211D871C655023,10000
187,0x1738E3d6A06576Ee56E6EFBba0F43D8367D91C63,10000
188,0x6247d1e1633d4BD20947ef493911E838ba85cdb0,10000
189,0xc5f4Be8ec96cEAC358160b06D3C5A14d634b581b,10000
190,0xF32030230C0d15081f26233E75B9C36B7dC1fB8e,10000
191,0xd7f0a12eEbba491987e407BDEB9B6252b44b2dB5,10000
192,0x859689496ce63C94f840B1ae03270c58D4f8737C,10000
193,0x8f486D601761c7D6E7d2F6Db317AA794Ec85b454,10000
194,0x1D3CA07FdD2A0737811be87c9d668801aE26D615,10000
195,0xc3f512cfd4B384db65E16D097D75698EeF764838,10000
196,0x01c23e3C770Fbc928C0451115e0eD42B985DEe06,10000
197,0x2Eb2E4585CeDd0a96fFBdE47F98e44d7351671E4,10000
198,0xBd7800b8306fb52C03e168AE202134306E04A7a1,10000
199,0x9B1b52BbED72B46b4fFE1b702C20d5DB4e8B0779,10000
200,0x9291fec13F719eB7F1A99C2918ad929C699E70fC,10000
201,0xC3632a9Da5fC8871b8B8fA9c1717Be3c4e7d9820,10000
202,0xB2a2DF80a624DaC4578857F8a352e9bC3a9648a3,10000
203,0xA429fA952C6304C592e687c9111bd9870Ab731C1,10000
204,0x441AB1bd0861cDE3B244C4F6fE6f99d5daB0ADf9,10000
205,0xD75CB96aD3FED062F553a082DB4DD421F7365932,10000
206,0x8E10a35176924A82651360b8c7570a094E3232E0,10000
207,0xB9b49cbB4b394926ED2dfBCe0Ad8Da9e052867CD,10000
208,0x2198017F1990cC383F3b781D0b5277aD6c70654C,10000
209,0x5fb2EF79847f3cd707006e10bc0FE65016852a63,10000
210,0xBC7DC7730BE9069A96aCB7A151b1688C00573943,10000
211,0x6876c092D8893eBE617C918efcA051BbAe774C74,10000
212,0x8C97098d1B9e1a776E40902A1fcaD14aB4BeF78c,10000
213,0x502A9Cc9B85f41a5A35851C044703bb9dd34F514,10000
214,0x19F022d25D6927503F6626E9A26010E596a1131B,10000
215,0x58F85af5D2ea89184C063059cC1826FeD01C6c50,10000
216,0x29b9a00Db8c951A99ce4e4261D646f676Df51296,10000
217,0x5235Aa62247345238A8AC65bAfEc31fA9b5fb2Ab,10000
218,0x502FbfB700023747D94174062DF1A55b4A5f1396,10000
219,0xba5524F94148cfC564b17635B3B007bcA8618243,10000
220,0xe4E39ed1c8A20D1aD48C30bAaC0615EB1479886F,10000
221,0x3f67BDe897494C67677f75404FbA5a991771B09a,10000
222,0x651772b8C7E1fEC936b3862Eaa099eaf5d35fdFE,10000
223,0x21b196E673D64feFA5CB9d1624910c4E6BcF6b3f,10000
224,0x208eae58aaD4C58E75541aa2b07122C793F8736c,10000
225,0xC182A661a6339715BDc85c426e5363f522B88CC1,10000
226,0x0B256Fa91a96d4108BA2045F3F11335CFBD307C3,10000
227,0x7E8093a817Be5BAf0fc7893AE0fE4461C25889e1,10000
228,0xA4bc4a41177A5650f7fd175e461F5f482d86359B,10000
229,0x72D899F36d07D44B80e492C76e999D3F2dd6B17E,10000
230,0x71d282677a1E4571FEE2A12038c98e6a93E62E7c,10000
231,0x282Ee9131623016e8AbfF82b3b30707Bd944f48d,10000
232,0x897FDcBAf2b297da2436D677C40E22581F8c78FD,10000
233,0x133aF5A3688ab007606aC1A327177596A9bFDA7C,10000
234,0x9083CE1630A8e015BB56006cAA6C6d0bAE326981,10000
235,0x83449FDe7Ba23d570aA75E09DaB0A3D083B35A03,10000
236,0x1eEBd31D2B2AD40Ca5218142bb10633d7Ee840c3,10000
237,0xEF266abCD176e3d09E1763b237b230373450B1d8,10000
238,0x5eE9A0D717561fF43142F86AE46841a701FD262C,10000
239,0x5d7798851A7458c9CE76Cc086c7d3aa81bc98222,10000
240,0xBDF52333D28157c1f5813BabCCCEFade465888c1,10000
241,0xd207734D2Eeec3b27903Ee3f33551Eb1DC354a49,10000
242,0xA681BA4D1e1Bec730f1820165E343fEE3055b75f,10000
243,0x0A1FB8dcf5f15F151D927465cFd80201C043f925,10000
244,0x78A356ca95d466101396eFa2fD325f949637A164,10000
245,0xBf18DC6591256B88867C1c4933d2472374b50D23,10000
246,0xB3567c65F7058Ac62aEd5Bd7DA14cFe180205672,10000
247,0xb674E656b2C498c45d3185072D85CF469C525aAb,10000
248,0x3cc5873F01eF8581Bf9D0Ea5c3BeDd81B13b3235,10000
249,0x1FFA53bCC3261f263eef869cF75e2c7Aa7421aba,10000
250,0xC31195544C1051a98aF0Df2659931f11EaB3437f,10000
251,0x0e71C07866614125b740a2509821a568a90BAb53,10000
252,0xFd4FC138f3d836b8380c6fF2091B449d99F5069E,10000
253,0x1c3Db7CEAcFE64cbAE2FB27EbA4Ae68672CE6e5b,10000
254,0x8A9E929B16e1D68629fF549457b5202f500234e8,10000
255,0xe41F7e23457e0F43C6AfED9d3ea5f447a8AA7ef4,10000
256,0x388D5Eb48ceca4662173a1927d309FD5aC8cBE27,10000
257,0xCCA56d80eC2Ce925Ca8DB1e45Fc6A444e4381657,10000
258,0x57a3c6C6d0085818cdeA8080e3C4142B184644d1,10000
259,0xDE80F9766AeA144A769a57a665fDd30819C28055,10000
260,0x40b24fa9d959F6f5Dce5eBF5f78276Efe85a5148,10000
261,0x10E82Ef9D970Bbaf87657333eD4469294c7553Bf,10000
262,0xfc025aAfE143e197DA74E13f82FE6a9012E35787,10000
263,0x77e410C018c7fcEcDA76972CAC7318578106779a,10000
264,0xfeca03e77cEaE6c63421B54a6b6c0E2a0a06A811,10000
265,0x471c21703FA0ab75f8809042FCCF9eFfCf7fb87b,10000
266,0x3fa255C0017c84C4221Ee393850547A1D86E8a18,10000
267,0x225b6422D761c54d1413301dD301CD0d8A9c3628,10000
268,0x588e5fc35997c5c476500B244BE6616A8F6BCF8E,10000
269,0x1331C752350DF6142920b09c09343ED9d19a0f66,10000
270,0x49f314bF91408BE86dA71E55B4f0010e90fB6F58,10000
271,0x224e69e5FF958F85Fc548528f644963146B1dAf1,10000
272,0x7bae707564Ad87CaFBa1AafDBf97eE491049a445,10000
273,0x44fE257439CaC100E6667B563A37f0C1BFDa8168,10000
274,0xdE9B2C8b4A2812f9b13bb6A205fC5f76B1BDB53E,10000
275,0x7A4c7203fD302ECde34042900af23796Ef318a5d,10000
276,0x5244bF32A0962f26d14E026549ca4Cc48d589bae,10000
277,0x2C21f82551639948506115dE07944a53e5bcDDb0,10000
278,0x1ADdf934a660796587017Bab9971F08C304fB93f,10000
279,0x4f402EbBC7193dC0253c28E284F42bD7b013E4AD,10000
280,0xf645EBe047C884a4dEa5974347FAA279B91D317F,10000
281,0x4c9fb74e1A45e77138CB0C10F656D33C0F87e898,10000
282,0x44B0419C5A0ffDbaA8EEB9e650456D06EcfD56e5,10000
283,0xaB01633f99c5c0bCa337645DC1eBc88Ed1301759,10000
284,0x7eB71d14eeBD1bFF76799A895D4bb45a8F35f9FA,10000
285,0xBE0309A6E48DF0C8dEe1121b08432EDaf337aBFA,10000
286,0x2EF4102d63881d94B8e8C2B30d651E4dd8CC377c,10000
287,0x89945FdC357c56230074F0E61905C742b3a6Ef32,10000
288,0x90B40fFd59cb0CA32A573B5fd6ad7d6B45eCbcc4,10000
289,0xE318bEEfD610f6529EF7e2567cDcf737FAF0BF49,10000
290,0xB1479E651e4FA4e1A0E782949fD1B59467EA831F,10000
291,0x753d047536c1b303173E7Ffb389a5D09D0309Ff2,10000
292,0xDcf8a189FF2B4d31aD2b84233869ec4543b3081c,10000
293,0xFe6cFbda76d814Eff2f2a0D192B3B67d7B3Cfcc8,10000
294,0x39e9Bd9f515Bc63397dc7D64Bbe8FF1FC16Ce1d6,10000
295,0xfDF0D6551d66996Efe9bA4e50E586B6EBa4F8537,10000
296,0xC683a5CebCe224d85D709930972379A2f6a72392,10000
297,0x31256fFe6b8Fe1D0d3c9583B60E24e27bc39cffF,10000
298,0xECBE8A92eb0439229B49e206754979df74d3032F,10000
299,0x1A2D8a09c7b38a5c44741dbd362f126E985c512E,10000
300,0x12355eF3D063B1Bad86B52890e638179B42AbDd2,10000
301,0xA097011139120a334f7dB5e731A3858B99e541DA,10000
302,0x23DE0393f7F1056378084779A7f64cf63Ae94461,10000
303,0x38627FDe225E6a7619E6BCbCC8226A8b3f2b0172,10000
304,0x3d950f02195161e103140F35cdD8C41CD041aAFb,10000
305,0x004073ae284cc4a842b7f68910B636a394f477b5,10000
306,0x2B2703fa2Db5Afc6bB35c1a190654cd5633241F1,10000
307,0xd9Ca8E589aF4cE05045493A468CB828659494307,10000
308,0x5395790B2145e5808Ec31526cc673Ca76e6b4c2C,10000
309,0xC2Ce67F57608043bC14b2864D3d0492b4d42583B,10000
310,0x8D6C6D4E7A9E74B1622548cfc0D391de97087AFE,10000
311,0x87A07937098434fE26c6E3E62BbC7556e0Fcd390,10000
312,0xCF7424f36684347608392D6b77f13d8D822Ca10c,10000
313,0xc902A03F2F425b765A625bC06Cb3c2F9C8129494,10000
314,0xB2f9B8E25F7a036C9fF7d9c79CCE414C208E9760,10000
315,0x1E494bA44a252A82636d25F1F93083092Ebf1445,10000
316,0x80503B5137eeFA59381DEEB4BA314028B61146a4,10000
317,0x9bA7deC5C9fCF7af86e9088126Ae402283F942F4,10000
318,0x319f65fB1C5E77C82D6E32E60d89de0B8Ecd7fF8,10000
319,0x1148869C48bDc5248b20dD18D4d7c6Df0a1CCaC4,10000
320,0xAacaB006DE7AF9F54ee9C80D6adf5338093685d7,10000
321,0xB1b5883Cf155522812c501e20F8E0B210ff56865,10000
322,0xaBD18712256E9907Beb650db42331417C32dB76C,10000
323,0x9129b628EC3E581044e17A246667ba59eEc273ee,10000
324,0x93c256451c898d79B619458DF42731dabCee451c,10000
325,0x749870b660465471b8EcAa477d240926E5AD2459,10000
326,0x0BBa02d44ce6d690622Fd78Fe520E7Dae023fc52,10000
327,0xc09Ce10f094adB61a02628d62eEDCA313925668b,10000
328,0x8A2845287b52EB6592CE9Df1edA082362c620820,10000
329,0x6594DeA5fE8693a2ad3cFAA04d00187392e06880,10000
330,0x6a644b074A2EBbE5d7d266387FB78Db2Ce2cC1A9,10000
331,0xDB32e5096796ff801ada09A0F292Cf2050a1382a,10000
332,0x67b5b8BfeD7939Dc2A7f824c245e0F07Dc9E8104,10000
333,0xf862533945188CFd40152c52CE98fb0C3eaBB255,10000
334,0x1635224e3e032c579a113618107C4cb5DD063B7B,10000
335,0x56802c8728D0AE9287D3c9169E56541bf3c6Bd19,10000
336,0x7a2591283847F89b859851cC0429c86bcEEfF478,10000
337,0xDfcADF41ae5B7fbf89184D9143b465AC8b153D04,10000
338,0xD4dB55386aBDbdff62C9b92DCa910102c97FBF46,10000
339,0xD9e03fe21638a10107f91ABE6e3dc767a93D1b37,10000
340,0x3B1e45CCfa3527e7E8093b2a901A1a6B97f0b15E,10000
341,0x23519ac02df695996BFa2dE380DFe590524E5644,10000
342,0xDf1f718a16e2d2fDbd9e2A613cBAfE1f8fb3fA72,10000
343,0x09Afc091C22Dd4d35090B2D52E322df521DbFB73,10000
344,0x183D47B6f458b4273262399Fd3AB98b598861393,10000
345,0xA47b5DAe770183144c23c9303f19fB8F47a3590d,10000
346,0xa3FE4C80fE77d93A9a029F29DB8AbB32bD6C7c46,10000
347,0xb87bf5E5981a45A921586C109fb28E3eDe723427,10000
348,0xeA8DacD76972DF0F6577Ec654b1Cd7b7F99eCa6e,10000
349,0xe6b8251caeF823cbE38f1e553CF5a020aF2c8961,10000
350,0x5E6B61FAe15E5fBDBD18644aF3F1A58062D38dA5,10000
351,0xE15d3b2e8E7BBF64d1366d48F529C3893593c58b,10000
352,0xc8ca44d5c90dED8e0f15f784acA59a2385141710,10000
353,0x48822a9C08D7441e7cC8DBe32ac41623196Cc224,10000
354,0x92A856293E90Fb38D2aDDEf59657F5176CD35C24,10000
355,0x36e971681cEC445FDAa2a8B6b8678eB6009251eE,10000
356,0x366F432a305Af7C42D8bE1f8aE5553eb9f457faD,10000
357,0x94F61c1dC9c37E961ED71A98357400EE4Be5A837,10000
358,0x3330dD06160B30AF1F3F39D48416bC853a577f2f,10000
359,0x2d1b2eE6089913c24aC86712ed638f14deF33a4F,10000
360,0xd0A7104F61918C4D6277ECDBC97a15B6C12732B1,10000
361,0x811C350882ff96587E4D01647347CcDFAb9A72cF,10000
362,0xA0a9f1DAA23814Dbf9ABE20971c8Ce88BEBca8bD,10000
363,0x79C4B64d822bb3090337F57746F8F5BE346b106f,10000
364,0x5f422932e7d2b0c09E188A17Ffc7cbe934DbC4ca,10000
365,0x7fe9DCe7A5B70a622f2CAefb6BE60Ec78eedB60A,10000
366,0x6C2De5B6BA7227a2D9F6c35a7640bB068587AF97,10000
367,0xF6E1b40f229A1Ee57A0404dA9321Fa5E3346F14D,10000
368,0xb8DE1DF3B9dA7E8d771a7Dc722A1Fa6E17dEbb8C,10000
369,0x52F894DBF36de698F23BEE7E773502502278bab1,10000
370,0xbdEcb1770cA8f8661F490316Ee9B1CBAD360bfFe,10000
371,0x0070b94f3b354cc4B56e4683F6295de3A2a65d8C,10000
372,0x655345AABf38aE771665BEf5F8C51ec5778BeB28,10000
373,0xF8f6148c8C850c70eB5932fA53e2Aa7bEB8B6EBE,10000
374,0xC2908203cfE18B6d752520dD72fFD2A028C0458D,10000
375,0xAd1eD2e762b4CBDAE988496D6CEE6059c24f90F2,10000
376,0x364950d59c9FCEF5DD494Ea6Dd10C51F75393623,10000
377,0x524A34fcAC374bfd7F3418f7106e0D99f8027e85,10000
378,0x25Dfd28CCbf65a793057fFf194B4ee75B6c31a01,10000
379,0xc587A5807E141d0dfF030FFd302e228fe508f548,10000
380,0x83cA374bb9C33F1fAcF7ECFa4CFA4a13D84FCe08,10000
381,0xE8329acb740a4f76eaEFB62318386E02f052F59c,10000
382,0xfA2366728e7Ad92EE056c7c3017173bFC7Fe4793,10000
383,0x8445Ab0560d1f15d995adFaDEe3B8985AFa9fCBF,10000
384,0xe3010D91C6aBD31D33A87F3368AdFD1285e96b0e,10000
385,0xB22a3A50AC0315B72424d2c997a9313A822e214E,10000
386,0xF793f46D60B0CA0414b3E5dbf072918BC1Bab597,10000
387,0xc95332c8017799C020614e8B6359a97528E87C2E,10000
388,0x88BEA4F834818a448F4E5b65AE438Ab5A045F067,10000
389,0xbFca66d4929E4bf7C57aa927e8D7300a9174C62A,10000
390,0x45b7458a81A32f5C91367426De6CAb63Bf0A371c,10000
391,0x84E6d87E9C44d412e44811bdC02A9022a70430ee,10000
392,0xff96149A2D2eC15682462BE78e61F2c735bBe231,10000
393,0xF9EaD920d96B2079979D37bdDeCeA05eA77d16b4,10000
394,0xDb8f6A9b4FCb97502A74Fd39733633E88f2688d3,10000
395,0xDAB7f2a39f3b12E46b9E727B414F345F39233b0E,10000
396,0x1D805DA1f40C2D988B314457D8919d4A2b06d8b3,10000
397,0x91df95de650BcC97028940F34770Bc3397226B99,10000
398,0x3BA2aAd7Ec0d27A8F3f7d35BFFA31Abc1287F32C,10000
399,0xcD5AFe4D229062788E25BB8ac946aB3c06268596,10000
400,0x0883D788EF54B7fdb4b45027C991F008A68c2801,10000
401,0x08bDd3b4d4Dd208F3BeAAdcA466910355EF1f49f,10000
402,0x5437eBb0B2d44657dfE8fF1452e299Ec33677855,10000
403,0x2Dc7Ced4381deF0DFFb1e96Cf55b219477570525,10000
404,0xe5457Abb26EF01989e112fA1C53eB7DaB2dEa296,10000
405,0x6a6fBB65030202A241B467A835210160cd4193de,10000
406,0xc3cb53581153825Ee0644F054d19f213BB8E0F04,10000
407,0xD13600F6a1436BbcFfCb6aEbf0f24F4E40bb766A,10000
408,0xbe0d9D867762f2105D5920Bd4f88DE6bA732B173,10000
409,0x93624Ac5b297ad973465d49e44Ccf469Dc41b4D2,10000
410,0x250C099B40628B4785526aFf41008b7201e1aA8A,10000
411,0xE3399Ca4DB706e00F0cBE701C48efa6D246283A5,10000
412,0xdB7D1f1e33072713e65E5F669751D71Fe652de17,10000
413,0x3e65F888fd299bb01e1f46C97714Ace66119058d,10000
414,0x194B92Bc938b0d6B8Aac47F39eEb912C0EB9f6be,10000
415,0x875f858b0E14ae4714D43EEd102D65bc7a24ba47,10000
416,0x8644D726a054C6C99037939Cfa28e2fe05Ae73BB,10000
417,0x56ec86e0B0FC1d3a2FB5c97604EB1D5e1B1405e5,10000
418,0x06ADaD585751738766F8bBE6b3f2D3Eab48862CF,10000
419,0xd69b773098C795C60F95FB8baED9e831583Eac58,10000
420,0x9B52B6557E1DeC495148078A040E15cDabF9E487,10000
421,0xDD0A035F341b96524821F0EA5D539da5DfD238AC,10000
422,0xf69B119666D3B8152C9bFd2908Bfb9FE13f4a637,10000
423,0xdfbACA23D591b5dCcc44E1a352892670EeD923C0,10000
424,0x1dE83Eaa3576BECb45c513b153c8C6911a660eBb,10000
425,0xe4BAEa1618C05977efE8bddC8cB254dceEB319a4,10000
426,0xacCE5F577C2285Aaf61a8F279E79812535abDEe3,10000
427,0xf93Af511186F2A01A75B8740A49A25b28b033D52,10000
428,0xe035F6F70CbBF74b37e4B19C56C019c1deE9D847,10000
429,0x2d07c3B7984B2Ed316967749cb92C2123aDC7463,10000
430,0x7984b71A99303ce0B3457CaCeD91Cb6DbF2BDa7C,10000
431,0xBDAE762D6daf0d96c559f5584276d35DC93D25c6,10000
432,0x82a233408e02f3e8B3b1B1D502DFe8488BB1752e,10000
433,0xD07B23098Ee679f4D2d74f8Bd86cb3C4E3EFC0d0,10000
434,0xC9dDa1Fa9Dc13603fEAc2D3247cc6fc20a12dFD0,10000
435,0xc665a0c98B4bABd5d5C1D1b5C3d75ce49CB57E82,10000
436,0x6f7e761377f7f10ff0Fce11B8D44025c4f06a67f,10000
437,0x121FdA715e93932BBcC8Ca8c05E510833fE83fa8,10000
438,0xaD907AF9279828115a237050EA2A3486Af340FE0,10000
439,0xb09454aAbFe5bd24F90d1142A79333a089A687c7,10000
440,0x2cD988dFCF359bAb0886a7D76eC24910Ed66aABD,10000
441,0xF890d919D981e768f8CA65129F0B9AE28D814ea6,10000
442,0x27d7C708Ac0D91390EbD95c2F5465C589E1E428c,10000
443,0x92AD2A024c3FF27BdBddD324415e44A9244485fF,10000
444,0x57Dc862966acae42a8903Ea39b2429042c247F1c,10000
445,0xBc1eDAF9457183A54a235E4B446Fd7259dF79DDd,10000
446,0x016B82f1B01b9A964B60fa0782E8885a3DE7bf49,10000
447,0xE7f86B2bA6Ed224d21b1dDDC3173829898A4e1dF,10000
448,0xf642adFff423684279467Cb0F49Be86cdb8a02d9,10000
449,0x50Ef24352A1Af4EC84ac3200c1bba9d97768c174,10000
450,0xA5d34c64d06D75280b285B62b5137bB80D38F637,10000
451,0x67861d952A6880FCF8588479b86ce98cF310492C,10000
452,0x29522D209339D387873DB3de4F45e7eA283a78d6,10000
453,0x90031feC0Dd3b9a55ab66BfBC73057C80817d011,10000
454,0xC640aB158B82f57Dd3CB3c7F649e173EcBF5c210,10000
455,0xD8203cd05dfda38CBC3a658a675aA639aE16ed70,10000
456,0xBcef24Dcfe2E9f83AaF77dCDEf3f3548587595B9,10000
457,0xe711f473BFBff2c97c081d584226799A352d9642,10000
458,0xe5bE7e002a98fc12263e9B4E57D0120794695Ac5,10000
459,0x74E9F969da62bc2838b5F72f77B39C3f48666242,10000
460,0x4Cb89552276667DABCf3213D059C88182B3523fE,10000
461,0x6Ec9e6caEa5A8f4cF422713aE8F45C68e7A31a90,10000
462,0xE36bF1fe04E9260585fd5704c76034aA054D13Bf,10000
463,0x505014Bb44C013764a1aab7842A1e1188AB847ed,10000
464,0xcb3243055aA75164fb6fad3d59Bc154b4F4d65F8,10000
465,0xfa560D6d929220192ffA01FcD5d5F232c63bA291,10000
466,0xB25d60AA9967D1ABD2791935E6218ca9bAF3fe1d,10000
467,0xFE9eA4C3C3786458114A432DeC14a575A89a8D35,10000
468,0x1EDc393234708C401D64C38f80b5D18373da5653,10000
469,0x1a0463D6f8BB236Aae35f6b20D64B760dBE33D2B,10000
470,0x23A0573c2895f1647e88282C25E094fD9cd257A8,10000
471,0xDab6f1454f9B6874ceDFa7d13846ac09D7b34d1D,10000
472,0xed96D2c167905273C27eb05c780f058173C88e02,10000
473,0x3D0582a06166c4078e62423099C9f18C2d6c2F1E,10000
474,0xFcC0551dc4E793AF182bc4Dc4EC278888e989099,10000
475,0xdeb84755B4f9dd1d2c277cee132F106DFAd601Ae,10000
476,0xA9076eDcfCfF1B343168c94254f132648b65d42b,10000
477,0x187Be5c084aa76dE200F5dC5182E6AF0eE2e5Baf,10000
478,0x89A97294F37b6241fba52383151ac7F1e89Ac5E8,10000
479,0x0abe4cE1deDe55CefBfA51215c4Ce6140f58b3C7,10000
480,0xF57e516899bfed956727d38CD9deC336B27D61AD,10000
481,0xA5aFDAF89d4a7b3D870c665e521342D3e5128682,10000
482,0xEA195785E430bB393C9a36CB539a82a7234248ee,10000
483,0x3AcAB05Ee5c4d7D4C261e3D2D2Ff7bD6999f439C,10000
484,0x3668A1AA7dF339BEe9E41193D3E72C5C860846D8,10000
485,0xA382c9e7439dfAf983fE0911E65Cd38b2136ac13,10000
486,0x89eacD9d27611b4856C5bBeE98Fb4471Df8233b2,10000
487,0x7F61C27f8e10Ae6A8731f2E2ec83f1d308Db9B8f,10000
488,0x4a5DD54beCd53c3072Be9670538674bB83b75CB3,10000
489,0xE660964283Eb0510ae05A2D9cE491d2419321B80,10000
490,0x4D95736905C40C3643e23F04FEA6953375c87138,10000
491,0x2860163387e04A8279AceC078fC8ffbA97035274,10000
492,0x23853Bcd5000F47cA4d98671d544054Cd51b3Aa5,10000
493,0xd0d951c2d1526Bf0B02F1352716929298729C41e,10000
494,0x06b57F77cca2919195700Cc979D5A9Ee3E12b4F6,10000
495,0x5E621Cf9e4efC57d0724D4907C44a2d86f023081,10000
496,0x0697d10d49766ccd98cF2e3757A7d659eEf9fdc1,10000
497,0x39a94eBd5A0E2a80124A08a7ec30a76111A3e836,10000
498,0x4cc07E0c35343Eae29d33e385f8b7aCA408C5F1D,10000
499,0xbb0F494190111D4898BCE6Ddf1Ec67Bc75a3DE58,10000
